[1,["a5qeFvDvdG86ppVktlMtP2","e97GVMl6JHh5Ml5qEDdSGa","c59gxiHsVIZZpbJbPscPJH","f0BIwQ8D5Ml7nTNQbh1YlS","29FYIk+N1GYaeWH/q1NxQO","c5qZYKjaROnZvj++kTtG9b","a6gpjuKplBJ5gd0Lq+fTrn","b3Typ/PPJBx53JjNtjE+hY","0c/TV5XCtKp7ebJGJBV61X","ebL9vRcbNGmYHrJx50hSqD","45LsejdB1GlKSK2aoEWbfC","fdApTcWPZKEJzne/Yqp/u3","71VhFCTINJM6/Ky3oX9nBT","97IlIGAFBGc5voL61Ey3Tb","e8fW9810BIVYjLuVwsXFrU","a5zLHwCmZM0bEySy+feCSQ","58wMPk3pFEoLCt+E6KvWqs","0bPDtzZJ9JOIqAVDeAId+R","92QV0kmqxMKKyWTU7sbjgQ","fa7k4BFYZBobtg/c9Tkr0A","dap9Cet8dHeJ0vai58ZUcV","d7d9XnsuZNrKbrkqU2LY6a","093Qfqq5NPFJsm1f1XB701","cf73jxyN9Jt47QTJU6ziYh","99FwsL0hBG8bITfZ4/IwmK","9dlIDmmJ9NN61JQN58rb8O","64kU/zj1JO/bUQ35mfMvbl","ddq4gs1H5LYZ8KRhDX5cdq","07gsmHnGFNhqlHEXi1GHxG","4bnpSAtadObJzPuAmnwKRw","76HhUJTNFEjZlxthHHkIqH","3fwJJcLVdLcow6mIN+kutz","dbIbeEFA5ArobsOux88BlG","19hTHm0TlDEadP/7clqwi1","9eKuUH+uVFEZQL8uRvgbeQ","49U5ywOJNFmrMQfMG39tM1","f8smjXcFFET5ZRjanRM5HZ","13kH3waxtB1JGn/6zsphn+","8855/VlrRKd6H0MSRnFxAU","3ffW8Ujj9DLKU3CcjH4Dt2","2at1O+u3dO0oYHKMCqV8Sp","a0UeaF1pVKDppTfqkvrKr2","675ovJ2tVK2aLYfgPUWOMv","bcSQdUxVFJLqWDHFyN4vRI","b4P/PCArtIdIH38t6mlw8Y","e8Ueib+qJEhL6mXAHdnwbi"],["node","_textureSetter","_spriteFrame","_N$target","_N$normalSprite","_N$pressedSprite","_N$hoverSprite","_N$disabledSprite","_parent","root","spPlayerPhoto","labelGold","labelPlayerName","labelRank","spRankBG","data","audioMng","scene","_N$verticalScrollBar","buttonAudio","bgm","prefabRankItem"],["cc.SpriteFrame",["cc.Widget",["_alignFlags","_left","_right","_bottom","_originalWidth","_isAbsRight","_isAbsLeft","_originalHeight","node"],-5,1],["cc.Node",["_name","_id","_components","_trs","_contentSize","_children","_parent","_prefab","_anchorPoint","_color"],1,9,7,5,2,1,4,5,5],["cc.Sprite",["_sizeMode","_type","node","_spriteFrame"],1,1,6],["cc.Node",["_name","_parent","_components","_contentSize","_trs","_prefab","_children","_color","_anchorPoint"],2,1,2,5,7,4,2,5,5],["cc.Label",["_string","_N$verticalAlign","_fontSize","_N$horizontalAlign","_lineHeight","_N$overflow","node"],-3,1],["cc.Button",["_N$transition","node","_N$pressedColor","_N$disabledColor","_N$target","_N$normalSprite","_N$pressedSprite","_N$hoverSprite","_N$disabledSprite","clickEvents"],2,1,5,5,1,6,6,6,6,9],["cc.Node",["_name","_parent","_components","_contentSize","_trs","_prefab","_anchorPoint","_children"],2,1,12,5,7,4,5,2],["cc.Prefab",["_name"],2],["1657ewfijBOXLq5zGqr6PvE",["node","spRankBG","labelRank","labelPlayerName","labelGold","spPlayerPhoto","texRankBG","texPlayerPhoto"],3,1,1,1,1,1,1,3,3],["cc.PrefabInfo",["fileId","root"],2,1],["cc.SceneAsset",["_name","asyncLoadAssets"],1],["a171dSnCXFMRIqs1IWdvgWM",["pressedScale","transDuration","node"],1,1],["cc.Canvas",["node","_designResolution"],3,1,5],["20f60m+3RlGO7x2/ARzZ6Qc",["node","audioMng"],3,1,1],["cc.ClickEvent",["component","handler","target"],1,1],["cc.Layout",["_resize","_N$layoutType","_N$spacingY","node","_layoutSize"],0,1,5],["cc.Scene",["_children","_anchorPoint","_trs"],3,2,5,7],["01ca4tStvVH+JmZ5TNcmuAu",["node","buttonAudio","bgm"],3,1,6,6],["cc.ScrollView",["horizontal","bounceDuration","_N$horizontalScrollBar","node","_N$content"],0,1,1],["cc.Mask",["node"],3,1],["fe3fcIxCFFLrKHg6s5+xRUU",["rankCount","node","scrollView","prefabRankItem"],2,1,1,6],["cc.Scrollbar",["_N$direction","node","_scrollView","_N$handle"],2,1,1,1]],[[2,0,6,2,4,3,2],[3,2,3,1],[10,0,1,2],[12,0,1,2,3],[3,0,2,3,2],[2,0,6,5,2,4,3,2],[6,1,2,3,4,1],[1,0,8,2],[1,0,1,6,8,4],[3,1,0,2,3,3],[15,0,1,2,3],[2,0,6,5,2,7,4,3,2],[2,0,6,5,2,4,8,3,2],[2,0,6,2,3,2],[4,0,1,2,5,3,4,2],[1,0,4,8,3],[1,0,1,2,4,8,5],[1,0,2,3,8,4],[3,2,1],[3,1,2,3,2],[5,0,2,1,6,4],[5,0,2,4,3,1,5,6,7],[6,0,1,2,3,4,5,6,7,8,2],[6,1,9,2,3,4,5,6,7,8,1],[8,0,2],[2,0,5,2,7,4,3,2],[2,0,6,2,7,4,3,2],[2,0,5,2,4,3,2],[2,0,1,5,2,4,3,3],[2,0,1,5,2,3,3],[2,0,6,5,2,9,4,3,2],[2,0,2,4,8,3,2],[2,0,6,2,4,8,3,2],[4,0,1,6,2,5,3,4,2],[4,0,1,2,5,7,3,8,4,2],[4,0,1,6,2,3,4,2],[4,0,1,2,3,4,2],[7,0,1,2,5,3,6,4,2],[7,0,1,7,2,3,4,2],[1,0,3,8,3],[1,0,1,3,8,4],[1,0,1,2,3,5,8,6],[1,0,1,8,3],[1,0,2,3,5,8,5],[1,0,1,3,6,8,5],[1,0,2,5,8,4],[1,0,4,7,8,4],[1,0,1,2,6,4,8,6],[1,0,1,2,5,4,8,6],[9,0,1,2,3,4,5,6,7,1],[3,1,0,2,3],[5,0,2,3,1,6,5],[5,0,3,1,6,4],[11,0,1,3],[6,0,1,9,2,3,4,5,6,7,8,2],[13,0,1,1],[14,0,1,1],[16,0,1,2,3,4,4],[17,0,1,2,1],[18,0,1,2,1],[19,0,1,2,3,4,4],[20,0,1],[21,0,1,2,3,2],[22,0,1,2,3,2]],[[[{"name":"icon_diamond","rect":[189,703,61,56],"offset":[0,0],"originalSize":[61,56],"rotated":1,"capInsets":[0,0,0,0]}],[0],0,[0],[1],[2]],[[{"name":"user-image","rect":[574,399,65,65],"offset":[0,0],"originalSize":[65,65],"capInsets":[0,0,0,0]}],[0],0,[0],[1],[0]],[[{"name":"rankinglist_3","rect":[590,331,69,66],"offset":[0,0],"originalSize":[69,66],"capInsets":[0,0,0,0]}],[0],0,[0],[1],[0]],[[{"name":"bg_icon","rect":[123,703,84,64],"offset":[0,0],"originalSize":[84,64],"rotated":1,"capInsets":[0,0,0,0]}],[0],0,[0],[1],[2]],[[{"name":"bg_rankinglist","rect":[668,1,504,144],"offset":[0,0],"originalSize":[504,144],"rotated":1,"capInsets":[49,69,46,33]}],[0],0,[0],[1],[0]],[[{"name":"button_ksks","rect":[23,125,433,155],"offset":[0,0],"originalSize":[433,155],"capInsets":[0,0,0,0]}],[0],0,[0],[1],[0]],[[{"name":"default_btn_disabled","rect":[0,0,40,40],"offset":[0,0],"originalSize":[40,40],"capInsets":[12,12,12,12]}],[0],0,[0],[1],[12]],[[{"name":"button_jjc","rect":[814,1,433,160],"offset":[0,0],"originalSize":[433,160],"rotated":1,"capInsets":[0,0,0,0]}],[0],0,[0],[1],[0]],[[[24,"rankItem"],[25,"rankItem",[-9,-10,-11,-12,-13],[[15,40,200,-2],[49,-8,-7,-6,-5,-4,-3,[3,4,5,6],[7,8,9,10,11,12]]],[2,"7ffdc1rA3hKlZHVF3VakQ7F",-1],[5,1334,100],[667,-50,0,0,0,0,0,1,1,1]],[33,"rankBG",1,[-15],[-14],[2,"ce0f90U6HBPPbH1AX4/Cb6I",1],[5,48,48],[-175,0,0,0,0,0,0,1,1,1]],[26,"divider",1,[[4,0,-16,0],[39,4,1,-17]],[2,"9a298UNgPNNRq4Dxqtkm18O",1],[5,495,2],[0,-48,0,0,0,0,0,1,1,1]],[11,"playerBorder",1,[-19],[[1,-18,1]],[2,"5d39cEmT2pI+pD50VAchcHj",1],[5,72,72],[-82,0,0,0,0,0,0,1,1,1]],[37,"playerName",1,[[-20,[16,40,221,931,128,-21]],1,4],[2,"6aa787h0lBFF6j5LSUvXCkB",1],[5,182,40],[0,0,0.5],[-446,20,0,0,0,0,0,1,1,1]],[11,"iconGold",1,[-23],[[4,0,-22,2]],[2,"61f28ry2PNAfZyGlBTG+r+C",1],[5,37,35],[-13.699999809265137,-22.899999618530273,0,0,0,0,0,1,1,1]],[14,"rankNum",2,[-24],[2,"81df4ZU8vNM0Yd9PABPO6JA",1],[5,16.68,40],[0,0,0,0,0,0,0,1,1,1]],[51,"1",30,1,1,7],[18,2],[14,"playerPhoto",4,[-25],[2,"d17d0X7pdlBDqcbES230yC8",1],[5,65,65],[0,0,0,0,0,0,0,1,1,1]],[18,10],[20,"疲惫的驴肉火烧",26,1,5],[34,"goldNum",6,[-26],[2,"1f9e5wFFupAxYhHmVLYj/gZ",1],[4,4279941863],[5,66.74,40],[0,0,0.5],[18.799999237060547,5,0,0,0,0,0,1,1,1]],[20,"9995",30,1,13]],0,[0,9,1,0,0,1,0,10,11,0,11,14,0,12,12,0,13,8,0,14,9,0,0,1,0,-1,2,0,-2,3,0,-3,4,0,-4,5,0,-5,6,0,-1,9,0,-1,7,0,0,3,0,0,3,0,0,4,0,-1,10,0,-1,12,0,0,5,0,0,6,0,-1,13,0,-1,8,0,-1,11,0,-1,14,0,15,1,26],[0,0,0,0,0,0,0,0,0,0,0,0,0,9,11],[2,2,2,-1,-2,-3,-4,-1,-2,-3,-4,-5,-6,2,2],[13,14,5,15,16,17,6,7,18,19,20,21,22,6,7]],[[{"name":"Stroke_photo_oneself","rect":[458,125,136,135],"offset":[0,0],"originalSize":[136,135],"capInsets":[0,0,0,0]}],[0],0,[0],[1],[0]],[[{"name":"bg_gold","rect":[123,789,70,42],"offset":[0,0],"originalSize":[70,42],"capInsets":[19,0,18,0]}],[0],0,[0],[1],[2]],[[{"name":"icon_guizhe","rect":[393,439,53,61],"offset":[0,0],"originalSize":[53,61],"rotated":1,"capInsets":[0,0,0,0]}],[0],0,[0],[1],[0]],[[{"name":"rankinglist_2","rect":[590,263,69,66],"offset":[0,0],"originalSize":[69,66],"capInsets":[0,0,0,0]}],[0],0,[0],[1],[0]],[[{"name":"icon_back","rect":[259,744,33,48],"offset":[0,0],"originalSize":[33,48],"capInsets":[0,0,0,0]}],[0],0,[0],[1],[2]],[[{"name":"default_progressbar","rect":[0,0,30,15],"offset":[0,0],"originalSize":[30,15],"capInsets":[10,4,10,4]}],[0],0,[0],[1],[23]],[[{"name":"icon_set","rect":[332,439,59,61],"offset":[0,0],"originalSize":[59,61],"capInsets":[0,0,0,0]}],[0],0,[0],[1],[0]],[[{"name":"default_progressbar_bg","rect":[0,0,60,15],"offset":[0,0],"originalSize":[60,15],"capInsets":[10,4,10,4]}],[0],0,[0],[1],[24]],[[[53,"menu",null],[27,"bottom",[-2,-3,-4,-5,-6,-7,-8,-9],[[7,45,-1]],[5,1334,750],[0,0,0,0,0,0,0,1,1,1]],[5,"diamond",1,[-14,-15,-16,-17],[[6,-11,[4,4294967295],[4,4294967295],-10],[40,12,50,30,-12],[3,0.85,0.1,-13]],[5,215,50],[-509.5,-320,0,0,0,0,0,1,1,1]],[5,"gold",1,[-22,-23,-24,-25],[[6,-19,[4,4294967295],[4,4294967295],-18],[41,12,280,0.5999999998106545,30,false,-20],[3,0.8,0.1,-21]],[5,215,50],[-279.5,-320,0,0,0,0,0,1,1,1]],[28,"Canvas","aa2f6rtn5pHHZr289ji53Oy",[-28,-29,-30,1,-31],[[55,-26,[5,1334,750]],[7,45,-27]],[5,1334,750],[667,375,0,0,0,0,0,1,1,1]],[12,"btnBack",4,[-37],[[42,9,30,-32],[19,1,-33,2],[22,1,-35,[4,4294967295],[4,4290032827],-34,3,4,5,6],[3,0.8,0.1,-36]],[5,84,64],[0,0.5,1],[-595,375,0,0,0,0,0,1,1,1]],[12,"btnMsg",4,[-43],[[16,33,30,30,84,-38],[19,1,-39,8],[22,1,-41,[4,4294967295],[4,4290032827],-40,9,10,11,12],[3,0.8,0.1,-42]],[5,84,64],[0,0.5,1],[595,375,0,0,0,0,0,1,1,1]],[29,"Menu","4eda7IeQaJFc46XJj4Ffyk4",[-46,-47],[[56,-45,-44]],[667,375,0,0,0,0,0,1,1,1]],[0,"btnRule",1,[[1,-48,21],[43,36,0.49999999984845545,30,false,-49],[6,-51,[4,4294967295],[4,4294967295],-50],[3,0.8,0.1,-52]],[5,53,61],[-26.5,-314.5,0,0,0,0,0,1,1,1]],[0,"btnSetting",1,[[1,-53,22],[44,12,0.5500000000567582,30,false,-54],[6,-56,[4,4294967295],[4,4294967295],-55],[3,0.8,0.1,-57]],[5,59,61],[96.19999694824219,-314.5,0,0,0,0,0,1,1,1]],[5,"center",4,[-59,-60,-61,-62],[[7,45,-58]],[5,1334,750],[0,0,0,0,0,0,0,1,1,1]],[0,"btnQuickStart",10,[[8,8,0.55,false,-63],[1,-64,25],[54,1,-66,[[10,"Menu","playGame",7]],[4,4294967295],[4,4294967295],-65,32,33,34,35],[3,0.85,0.1,-67]],[5,433,155],[283.20001220703125,200,0,0,0,0,0,1,1,1]],[0,"btnAdvance",10,[[8,8,0.55,false,-68],[1,-69,36],[23,-71,[[10,"Menu","playGame",7]],[4,4294967295],[4,4294967295],-70,37,38,39,40],[3,0.85,0.1,-72]],[5,433,160],[283.20001220703125,30,0,0,0,0,0,1,1,1]],[0,"btnTournament",10,[[8,8,0.55,false,-73],[1,-74,41],[23,-76,[[10,"Menu","playGame",7]],[4,4294967295],[4,4294967295],-75,42,43,44,45],[3,0.85,0.1,-77]],[5,432,155],[282.70001220703125,-150,0,0,0,0,0,1,1,1]],[30,"rankList",10,[-80,-81],[[45,32,0.52,false,-78],[9,1,0,-79,29]],[4,4290295992],[5,504,500],[-278.67999267578125,31,0,0,0,0,0,1,1,1]],[5,"userPhoto",1,[-84],[[1,-82,24],[17,36,29.5,25,-83]],[5,130,130],[572.5,-285,0,0,0,0,0,1,1,1]],[35,"scrollView",14,[-86,-87],[-85],[5,504,400],[0,-22,0,0,0,0,0,1,1,1]],[31,"content",[[57,1,2,2,-88,[5,500,100]],[15,40,500,-89]],[5,500,100],[0,0.5,1],[0,200,0,0,0,0,0,1,1,1]],[38,"scrollbar",16,[-92],[[[4,0,-90,30],-91],4,1],[5,20,400],[235,-1,0,0,0,0,0,1,1,1]],[58,[4,7],[0,0,0],[0,0,0,0,0,0,1,1,1,1]],[0,"bg",4,[[1,-93,0],[46,45,1334,750,-94]],[5,1334,750],[0,0,0,0,0,0,0,1,1,1]],[0,"bottom_right",1,[[4,0,-95,13],[47,44,0.5000000000757723,-7.577227734145708e-11,false,665,-96]],[5,666.9999998989955,122],[333.5,-314,0,0,0,0,0,1,1,1]],[0,"bottom_left",1,[[4,0,-97,14],[48,44,7.577227734145708e-11,0.4999999999242277,false,665,-98]],[5,667.0000001010045,122],[-333.5,-314,0,0,0,0,0,-1,1,1]],[32,"userName",1,[[52,"凹凸曼",2,1,-99],[17,36,179.99999999999994,30,-100]],[5,120,40],[0,1,0.5],[487,-325,0,0,0,0,0,1,1,1]],[13,"AudioMng",7,[[59,-101,26,27]],[0,0,0,0,0,0,0,1,1,1]],[60,false,0.3,null,16,17],[5,"view",16,[17],[[61,-102]],[5,500,400],[0,0,0,0,0,0,0,1,1,1]],[0,"icon_back",5,[[1,-103,1]],[5,33,48],[0,-25,0,0,0,0,0,1,1,1]],[0,"icon_back",6,[[1,-104,7]],[5,50,39],[0,-26,0,0,0,0,0,1,1,1]],[0,"bg",2,[[9,1,0,-105,15]],[5,180,42],[0,0,0,0,0,0,0,1,1,1]],[0,"icon_diamond",2,[[1,-106,16]],[5,61,56],[-86,0,0,0,0,0,0,1,1,1]],[0,"icon_plus",2,[[1,-107,17]],[5,30,30],[65,0,0,0,0,0,0,1,1,1]],[0,"num",2,[[21,"9999999",25,25,1,1,2,-108]],[5,107.1,25],[-4.900000095367432,0,0,0,0,0,0,1,1,1]],[0,"bg",3,[[9,1,0,-109,18]],[5,180,42],[0,0,0,0,0,0,0,1,1,1]],[0,"icon_gold",3,[[1,-110,19]],[5,60,56],[-86,0,0,0,0,0,0,1,1,1]],[0,"icon_plus",3,[[1,-111,20]],[5,30,30],[65,0,0,0,0,0,0,1,1,1]],[0,"num",3,[[21,"9999999",25,25,1,1,2,-112]],[5,107,25],[-3.5999999046325684,-0.699999988079071,0,0,0,0,0,1,1,1]],[0,"photoFrame",15,[[4,0,-113,23]],[5,143,142],[3,-3,0,0,0,0,0,1,1,1]],[13,"RankList",7,[[62,6,-114,25,31]],[0,0,0,0,0,0,0,1,1,1]],[0,"rankinglist_title",14,[[1,-115,28]],[5,128,32],[-159,213,0,0,0,0,0,1,1,1]],[36,"bar",18,[-116],[5,20,380],[0,0,0,0,0,0,0,1,1,1]],[50,1,0,40],[63,1,18,25,41]],0,[0,0,1,0,-1,21,0,-2,22,0,-3,2,0,-4,3,0,-5,8,0,-6,9,0,-7,15,0,-8,23,0,3,2,0,0,2,0,0,2,0,0,2,0,-1,29,0,-2,30,0,-3,31,0,-4,32,0,3,3,0,0,3,0,0,3,0,0,3,0,-1,33,0,-2,34,0,-3,35,0,-4,36,0,0,4,0,0,4,0,-1,20,0,-2,5,0,-3,6,0,-5,10,0,0,5,0,0,5,0,3,5,0,0,5,0,0,5,0,-1,27,0,0,6,0,0,6,0,3,6,0,0,6,0,0,6,0,-1,28,0,16,24,0,0,7,0,-1,24,0,-2,38,0,0,8,0,0,8,0,3,8,0,0,8,0,0,8,0,0,9,0,0,9,0,3,9,0,0,9,0,0,9,0,0,10,0,-1,11,0,-2,12,0,-3,13,0,-4,14,0,0,11,0,0,11,0,3,11,0,0,11,0,0,11,0,0,12,0,0,12,0,3,12,0,0,12,0,0,12,0,0,13,0,0,13,0,3,13,0,0,13,0,0,13,0,0,14,0,0,14,0,-1,39,0,-2,16,0,0,15,0,0,15,0,-1,37,0,-1,25,0,-1,26,0,-2,18,0,0,17,0,0,17,0,0,18,0,-2,42,0,-1,40,0,0,20,0,0,20,0,0,21,0,0,21,0,0,22,0,0,22,0,0,23,0,0,23,0,0,24,0,0,26,0,0,27,0,0,28,0,0,29,0,0,30,0,0,31,0,0,32,0,0,33,0,0,34,0,0,35,0,0,36,0,0,37,0,0,38,0,0,39,0,-1,41,0,17,19,1,8,4,4,8,19,7,8,19,17,8,26,25,18,42,116],[0,0,0,0,0,0,0,0,0,0,0,0,0,0,0,0,0,0,0,0,0,0,0,0,0,0,0,0,0,0,0,0,0,0,0,0,0,0,0,0,0,0,0,0,0,0,41],[2,2,2,4,5,6,7,2,2,4,5,6,7,2,2,2,2,2,2,2,2,2,2,2,2,2,19,20,2,2,2,21,4,5,6,7,2,4,5,6,7,2,4,5,6,7,2],[25,26,8,3,1,1,4,27,8,3,1,1,4,9,9,10,28,11,10,5,11,29,30,31,32,33,34,35,36,37,38,39,3,1,1,4,40,3,1,1,4,41,3,1,1,4,42]],[[{"name":"user-image3","rect":[888,436,69,68],"offset":[0,0],"originalSize":[69,68],"rotated":1,"capInsets":[0,0,0,0]}],[0],0,[0],[1],[0]],[[{"name":"fengexian","rect":[1,507,20,2],"offset":[0,0],"originalSize":[20,2],"capInsets":[0,0,0,0]}],[0],0,[0],[1],[0]],[[{"name":"bg","rect":[0,0,1334,750],"offset":[0,0],"originalSize":[1334,750],"capInsets":[0,0,0,0]}],[0],0,[0],[1],[43]],[[{"name":"button_zbc","rect":[23,282,432,155],"offset":[0,0],"originalSize":[432,155],"capInsets":[0,0,0,0]}],[0],0,[0],[1],[0]],[[{"name":"rankinglist_1","rect":[596,195,69,66],"offset":[0,0],"originalSize":[69,66],"capInsets":[0,0,0,0]}],[0],0,[0],[1],[0]],[[{"name":"rankinglist_bg","rect":[958,436,48,48],"offset":[0,0],"originalSize":[48,48],"capInsets":[0,0,0,0]}],[0],0,[0],[1],[0]],[[{"name":"user-image2","rect":[1,439,65,65],"offset":[0,0],"originalSize":[65,65],"capInsets":[0,0,0,0]}],[0],0,[0],[1],[0]],[[{"name":"icon_gold_big","rect":[195,766,60,56],"offset":[0,0],"originalSize":[60,56],"rotated":1,"capInsets":[0,0,0,0]}],[0],0,[0],[1],[2]],[[{"name":"user-image6","rect":[135,439,65,65],"offset":[0,0],"originalSize":[65,65],"capInsets":[0,0,0,0]}],[0],0,[0],[1],[0]],[[{"name":"user-image5","rect":[68,439,65,65],"offset":[0,0],"originalSize":[65,65],"capInsets":[0,0,0,0]}],[0],0,[0],[1],[0]],[[{"name":"circle_2","rect":[458,262,130,130],"offset":[0,0],"originalSize":[130,130],"capInsets":[0,0,0,0]}],[0],0,[0],[1],[0]],[[{"name":"icon_message","rect":[247,703,50,39],"offset":[0,0],"originalSize":[50,39],"capInsets":[0,0,0,0]}],[0],0,[0],[1],[2]],[[{"name":"Stroke_photo","rect":[814,436,72,72],"offset":[0,0],"originalSize":[72,72],"capInsets":[0,0,0,0]}],[0],0,[0],[1],[0]],[[{"name":"default_btn_pressed","rect":[0,0,40,40],"offset":[0,0],"originalSize":[40,40],"capInsets":[12,12,12,12]}],[0],0,[0],[1],[44]],[[{"name":"bg_xiamian","rect":[1,1,665,122],"offset":[0,0],"originalSize":[665,122],"capInsets":[0,0,0,0]}],[0],0,[0],[1],[0]],[[{"name":"default_btn_normal","rect":[0,0,40,40],"offset":[0,0],"originalSize":[40,40],"capInsets":[12,12,12,12]}],[0],0,[0],[1],[45]],[[{"name":"rankinglist_title","rect":[202,439,128,32],"offset":[0,0],"originalSize":[128,32],"capInsets":[0,0,0,0]}],[0],0,[0],[1],[0]],[[{"name":"user-image4","rect":[596,125,68,68],"offset":[0,0],"originalSize":[68,68],"capInsets":[0,0,0,0]}],[0],0,[0],[1],[0]],[[{"name":"icon_","rect":[253,794,30,30],"offset":[0,0],"originalSize":[30,30],"capInsets":[0,0,0,0]}],[0],0,[0],[1],[2]]]]