{"paths":{},"types":[],"uuids":["8aVGk1cNRC0qBRjQ528oAI","0eqfuOtGtMGLHMXmLajCn/","f0BIwQ8D5Ml7nTNQbh1YlS","e97GVMl6JHh5Ml5qEDdSGa","29FYIk+N1GYaeWH/q1NxQO","c5qZYKjaROnZvj++kTtG9b","07gsmHnGFNhqlHEXi1GHxG","fdApTcWPZKEJzne/Yqp/u3","45LsejdB1GlKSK2aoEWbfC","755ityM7ROBasaLe0KoMI4","29V/lP6ONHlpIrgkkyZVdL","f2uZs9V51E75PhCt8MjiPU","9eKuUH+uVFEZQL8uRvgbeQ","2bgmb2xONA/pH0aZw0egwx","49U5ywOJNFmrMQfMG39tM1","64kU/zj1JO/bUQ35mfMvbl","0c/TV5XCtKp7ebJGJBV61X","ddq4gs1H5LYZ8KRhDX5cdq","ccJDx/4T5GNItvdb/73r1Q","abBT6lzE5BMbVAUXGbXQX2","36E8apf0hERq02DZEaAOb0","e8Ueib+qJEhL6mXAHdnwbi","b4P/PCArtIdIH38t6mlw8Y","71VhFCTINJM6/Ky3oX9nBT","f3hS8qdyBEDp+M08RHFZZI","c59gxiHsVIZZpbJbPscPJH","bcSQdUxVFJLqWDHFyN4vRI","a5qeFvDvdG86ppVktlMtP2","cf73jxyN9Jt47QTJU6ziYh","99FwsL0hBG8bITfZ4/IwmK","36G7D3/QxKGIlupj6xf5uc","11Mc9y/RdIH6yTKxjy/MBf","5buxBuZKhH5pYIox/NHetD","b0KLrH28BC8IZg7rMAfmqm","89xQlJ5i1A5qupHMxjAGkc","98wCi57qtKxJn8z9glAEre","39ilo807lFY7/F4obRGfDR","c7sk4YgoNOwYoXKIGmFFUj","3cn2PZ4vNKfZL/sMuGKD2D","b54W0t24tCZKUMe5gSGp9C","e1+sxAANBPrIXdBR/iIKjh","7cO2sY+b5N7LLUuBWmyAuI","1b4azjubNL9JxFXB2ezKwI","1eGlMLfjRN7oKr68vKEgk8","5cOQu8ps9J1rGr2UF7Vl7c","2cRlVBvsZDlYFzoFo9W384","d9T5qQOmdJmaDi6TFrzjHy","08KJ39oqhLALKCUea0yKvO","e8Mbfnmd1Lh7ELWhV5A8vC","f3CJb7GNBOQ4yuEVlPBe9j","0aJQBkVDlOHYsdTYY6zI/z","bbO7OelJVE0L7ZR0mTOMji","07PkEJd8FDQ71SO+iz13/t","caVpZimQtB/5ITlDJSUTc5","3fXOHhf7RG2p8iGA6zXkWC","28+C+4HkJOTaONpMhNg4+G","31+YkchsROVLZveOGNJoB9","62A/3+B41B87w2HOikR+Pr","51BRSOa05C4ru4rpDQica/","330SWIWURKwLt828QfVKmW","50GBxhf0tEH4ORdFQI4qvA","59pFYLSIdMuYoNL2HKRzqo","eaBtL+0nxExaADJUqG2qGp","ebtIjUL5hDqYuYGw8i2MPb","848YX31V9B9pqmhnU5K2Vn","33R+6U5R9KUIJ+Te0WOLzq","faXBVXVltG8ZT0RbK7GGXO","c7s7U8k4hGAry/rft25v3I","61IYQ4ondHB5o0Z1XrCrSM","02cGM+82lE/KfLUYcWRIXp","70ujgsEA9Ah4ABSr1KDlf9","0f4LHAti1KmLUAKmDOwNmy","46tV7IwbpB3b2zKiHCIQHj","83n47KhfZIhItugupIr1Rt","60YlbmunJGHY982xKvyWuB","93O0XbEQ9LtopfXLjNt4oF","bbMBjCR01OjohwZ9GMdMDN","e3XdvqWYFLNrVNgW9hWZ+W","54Eej4GhdMJ71KJvbGJ6E7","5f3AmboGJNSYtask3chNtf","13otH8GINOgK/A7NhdV+18","b9018elFJCIqJKXU1AB/tY","bcC/2m8LJGPbT0Hlpup0IH","e7tIEbP7BOL6MfdXqHJzyp","9dlIDmmJ9NN61JQN58rb8O","ebL9vRcbNGmYHrJx50hSqD","4bnpSAtadObJzPuAmnwKRw","76HhUJTNFEjZlxthHHkIqH","3fwJJcLVdLcow6mIN+kutz","dbIbeEFA5ArobsOux88BlG","19hTHm0TlDEadP/7clqwi1","3ffW8Ujj9DLKU3CcjH4Dt2","f8smjXcFFET5ZRjanRM5HZ","13kH3waxtB1JGn/6zsphn+","675ovJ2tVK2aLYfgPUWOMv","8855/VlrRKd6H0MSRnFxAU","2at1O+u3dO0oYHKMCqV8Sp","a0UeaF1pVKDppTfqkvrKr2","8bUh4bYbFFNJL2GmEix9ii","7bTGBua+1BYKvLq5U84OT7","2f9c3ZkIVKJKjVekGk8T2P","90lkBtDhVMlL1+kAWmtHwd","e6fGVuwN9EbYDW2vQVExuz","2calF/dnZJlaGwrP6nXofL","deRlVPFz1OM5fzM0Hnfeqs","04v2cEUdpDm780J3TsCabK","76AqPh4oRLd6U1GZiiKfFB","dbX2w1pfFBIoSwTz0DJagG","6b7L55MPdHh7pp4rqSo3iH","9bp9Nv2eFJxKkPVuiD06PC","28hXFaPm1Hyoy3WMAUcg8l","ca6lms/2pGx5KR8r7Ks7xr","c9r1SfQ59NT5xURy3OBO0F","13CdWFwPJGAY3q1I9MAdI3","96VsDciyRBPrK23yOp+M1a","47Km/QB7lMoqTvnjt7qHor","d5FgMzb7dMfLeLw3ilGuLr","08wPtTE4hNcqgEy9V0q4Od","1do2xhsNxH77qfFK9y41tW","19e11YqwJMcrmSnfmAW9Yc","57lQjkq8RI/LEYFiQybi3w","c7ARiwjaZKxqMpvZqkdmK0","62TXYNOfpCj67FMIOdW6m9","b2crlN2+JMQ65Blv0VJgxt","1fTT6J/aVMBJS/gxqvTSwR","4emDFM9N9IPYkrlIjuKoLS","ddwatDwZlFNZ0le8Lnbpd1","fd7vGgYp5PD7eGOvxhzSQE","51hL8x7MlDqqpweVSjtNxB","0bgQ4D2YFEJrVk4hJueyyA","d0ldFTSZpEOZsDtgX4+FHi","c2l30LNF9Pe4vIrONzJONO","6e5rj0aU1DOpvHZGaAdbOM","13z9vOnvNGyIz8gRsNITUC","61W4Zaa1hKjrfthdUG8Bx+","55wS05Xh5LwbWuJXczT3pf","9fHrHDuoBLX6LYJ+ItIBAy","79pajjlZtKH7ATJ+NHCrgH","bdC+gyYnxPgI0FDNj0duzM","79Oo23NNRG2Ip8sJWOtA1b","b4B5UQBN5B851DiNDJhj0r","5cVvpBmM9AKZF1r+oPGSc2","0duoZQaJ1DFqH5TSURHJVz","f0+xMJBYlBFYW2nQcvJHId","02mNDpMupOYYGE9/zFUuJW","d8DT+pPKdEMatfiL85sQaK","476dT1JOhFWaUFFrvztoCS","0eQsI9DD9Ga6HfGFfD7gZt","a6gpjuKplBJ5gd0Lq+fTrn","97IlIGAFBGc5voL61Ey3Tb","b3Typ/PPJBx53JjNtjE+hY","e8fW9810BIVYjLuVwsXFrU","a5zLHwCmZM0bEySy+feCSQ","58wMPk3pFEoLCt+E6KvWqs","0bPDtzZJ9JOIqAVDeAId+R","92QV0kmqxMKKyWTU7sbjgQ","fa7k4BFYZBobtg/c9Tkr0A","dap9Cet8dHeJ0vai58ZUcV","d7d9XnsuZNrKbrkqU2LY6a","093Qfqq5NPFJsm1f1XB701","7b463pYbhCd707TFJvRIfy","8d0SW1GBRL9biFhJeglw0+"],"scenes":{"db://assets/scenes/menu.fire":0,"db://assets/scenes/table.fire":1},"redirect":[],"deps":[],"packs":{"09e9814ac":[14,12],"0265654f7":[6,159,154,16,93,90,4,96,91,88,8,86,153,15,94,87,95,0,155,149,84,97,152,148,150,5,158,157,89,17,151,3,85,2,92,156,7],"0521b384b":[31,20,30,32,23,29,27,19,22,26,25,18,28,21,24],"09b634712":[69,144,105,52,6,47,117,50,129,16,142,147,1,71,113,80,133,119,42,118,43,124,110,55,4,10,13,45,103,100,56,65,59,36,38,54,8,72,115,146,125,60,58,128,78,135,120,61,44,141,79,74,68,134,57,122,15,108,132,70,9,106,139,137,99,160,41,73,64,34,98,161,101,75,114,35,109,136,33,123,140,39,81,76,51,82,138,131,5,121,37,67,112,53,111,130,116,145,46,107,17,126,104,40,77,102,83,48,3,62,63,2,143,11,49,66,7,127]},"name":"main","importBase":"import","nativeBase":"native","debug":false,"isZip":false,"encrypted":false,"versions":{"import":["0265654f7","daa92","0521b384b","f8b72","09b634712","b3d9d","09e9814ac","14938"],"native":[31,"b807d",10,"21a73",13,"05b41",20,"5b455",30,"674e3",14,"f45ec",32,"357ae",23,"c06a9",9,"2614c",29,"d1118",12,"90d17",27,"a6e5e",19,"919ec",22,"83fcc",26,"79fa9",25,"03bcf",18,"6b94c",28,"a4b59",21,"90cf4",11,"8dad7",24,"32504"]}}